Post;Link
Aprender a Funçăo Select do Spark;https://dadosaocubo.com/aprender-a-funcao-select-do-spark/
Manipulando Dados no MongoDB com Python;https://dadosaocubo.com/manipulando-dados-no-mongodb-com-python/
Manipulando Dados no Cassandra com Python;https://dadosaocubo.com/manipulando-dados-no-cassandra-com-python/
Bancos de Dados NoSQL com Python;https://dadosaocubo.com/bancos-de-dados-nosql-com-python/
Aprender as Funçőes Spark Joins, WithColumn e Concat_ws;https://dadosaocubo.com/aprender-as-funcoes-spark-joins-withcolumn-e-concat_ws/
Aprender as Funçőes Spark GroupBy, Agg e Union;https://dadosaocubo.com/aprender-as-funcoes-spark-groupby-agg-e-union/
Aprender as Funçőes Spark Filter e Write;https://dadosaocubo.com/aprender-as-funcoes-spark-filter-e-write/
Trabalhar com Data Sources no Spark;https://dadosaocubo.com/trabalhar-com-data-sources-no-spark/
Como Preparar Ambiente PySpark com Exemplos;https://dadosaocubo.com/como-preparar-ambiente-pyspark-com-exemplos/
